-- MySQL dump 10.13  Distrib 8.0.23, for Linux (x86_64)
--
-- Host: localhost    Database: gamedb
-- ------------------------------------------------------
-- Server version	8.0.23-0ubuntu0.20.04.1

/*!40101 SET @OLD_CHARACTER_SET_CLIENT=@@CHARACTER_SET_CLIENT */;
/*!40101 SET @OLD_CHARACTER_SET_RESULTS=@@CHARACTER_SET_RESULTS */;
/*!40101 SET @OLD_COLLATION_CONNECTION=@@COLLATION_CONNECTION */;
/*!50503 SET NAMES utf8mb4 */;
/*!40103 SET @OLD_TIME_ZONE=@@TIME_ZONE */;
/*!40103 SET TIME_ZONE='+00:00' */;
/*!40014 SET @OLD_UNIQUE_CHECKS=@@UNIQUE_CHECKS, UNIQUE_CHECKS=0 */;
/*!40014 SET @OLD_FOREIGN_KEY_CHECKS=@@FOREIGN_KEY_CHECKS, FOREIGN_KEY_CHECKS=0 */;
/*!40101 SET @OLD_SQL_MODE=@@SQL_MODE, SQL_MODE='NO_AUTO_VALUE_ON_ZERO' */;
/*!40111 SET @OLD_SQL_NOTES=@@SQL_NOTES, SQL_NOTES=0 */;

--
-- Table structure for table `cached_api_data`
--

DROP TABLE IF EXISTS `cached_api_data`;
/*!40101 SET @saved_cs_client     = @@character_set_client */;
/*!50503 SET character_set_client = utf8mb4 */;
CREATE TABLE `cached_api_data` (
  `id` int NOT NULL AUTO_INCREMENT,
  `weather_type` varchar(20) NOT NULL,
  `temp` float NOT NULL,
  `humidity` int NOT NULL,
  `visibility` int NOT NULL,
  `wind_speed` float NOT NULL,
  `wind_direction` int NOT NULL,
  `created` timestamp NOT NULL DEFAULT CURRENT_TIMESTAMP,
  PRIMARY KEY (`id`)
) ENGINE=InnoDB AUTO_INCREMENT=34 DEFAULT CHARSET=utf8mb4 COLLATE=utf8mb4_0900_ai_ci;
/*!40101 SET character_set_client = @saved_cs_client */;

--
-- Dumping data for table `cached_api_data`
--

LOCK TABLES `cached_api_data` WRITE;
/*!40000 ALTER TABLE `cached_api_data` DISABLE KEYS */;
INSERT INTO `cached_api_data` VALUES (1,'broken clouds',43.03,53,10000,5.75,30,'2021-03-04 03:14:55'),(2,'broken clouds',42.71,53,10000,5.75,30,'2021-03-04 03:23:18'),(3,'Clouds',52.65,58,10000,8.05,130,'2021-03-10 17:48:09'),(4,'Clouds',52.32,58,10000,8.05,130,'2021-03-10 17:48:09'),(5,'Clouds',52.32,58,10000,8.05,130,'2021-03-10 17:48:09'),(6,'Clouds',52.32,58,10000,8.05,130,'2021-03-10 17:48:09'),(7,'Clouds',52.32,58,10000,8.05,130,'2021-03-10 17:48:19'),(8,'Clouds',52.32,58,10000,8.05,130,'2021-03-10 17:51:59'),(9,'Clouds',52.57,58,10000,9.22,130,'2021-03-10 18:06:08'),(10,'Clouds',52.57,58,10000,9.22,130,'2021-03-10 18:06:38'),(11,'Clouds',52.57,58,10000,9.22,130,'2021-03-10 18:06:57'),(12,'Clouds',52.27,58,10000,9.22,130,'2021-03-10 18:37:35'),(13,'Clouds',52.27,58,10000,9.22,130,'2021-03-10 18:37:39'),(14,'Clouds',52.27,58,10000,9.22,130,'2021-03-10 18:41:53'),(15,'Clouds',52.23,58,10000,9.22,130,'2021-03-10 18:45:02'),(16,'Clouds',52.27,58,10000,9.22,130,'2021-03-10 18:46:01'),(17,'Clouds',52.27,58,10000,9.22,130,'2021-03-10 18:47:01'),(18,'Clouds',52.23,58,10000,9.22,130,'2021-03-10 18:48:02'),(19,'Clouds',52.27,58,10000,9.22,130,'2021-03-10 19:00:02'),(20,'Clouds',51.51,58,10000,11.5,120,'2021-03-10 20:00:01'),(21,'Clouds',58.26,20,10000,12.66,240,'2021-03-13 02:00:05'),(22,'Clouds',58.66,21,10000,14.97,260,'2021-03-13 03:00:01'),(23,'Clouds',54.23,18,10000,25.32,310,'2021-03-13 05:00:03'),(24,'Clouds',52.43,24,10000,17.27,300,'2021-03-13 06:00:04'),(25,'Clouds',47.07,20,10000,16.11,260,'2021-03-13 23:00:02'),(26,'Clouds',45.7,20,10000,13.8,260,'2021-03-14 00:14:07'),(27,'Clouds',44.76,23,10000,10.36,240,'2021-03-14 01:00:01'),(28,'Clouds',52.9,71,10000,6.91,50,'2021-03-23 15:15:49'),(29,'Clouds',52.95,71,10000,6.91,50,'2021-03-23 15:16:06'),(30,'Clouds',52.95,71,10000,6.91,50,'2021-03-23 15:20:01'),(31,'Clouds',52.95,71,10000,6.91,50,'2021-03-23 15:22:47'),(32,'Clouds',64.11,72,10000,11.5,250,'2021-03-25 18:00:01'),(33,'Clouds',59.23,38,10000,8.05,120,'2021-03-30 18:00:02');
/*!40000 ALTER TABLE `cached_api_data` ENABLE KEYS */;
UNLOCK TABLES;

--
-- Table structure for table `decks`
--

DROP TABLE IF EXISTS `decks`;
/*!40101 SET @saved_cs_client     = @@character_set_client */;
/*!50503 SET character_set_client = utf8mb4 */;
CREATE TABLE `decks` (
  `id` int NOT NULL AUTO_INCREMENT,
  `user_id` int NOT NULL,
  `deck_name` varchar(60) NOT NULL,
  `card_id_1` int NOT NULL,
  `card_id_2` int NOT NULL,
  `card_id_3` int NOT NULL,
  `card_id_4` int NOT NULL,
  `card_id_5` int NOT NULL,
  `card_id_6` int NOT NULL,
  `card_id_7` int NOT NULL,
  `card_id_8` int NOT NULL,
  `card_id_9` int NOT NULL,
  `card_id_10` int NOT NULL,
  `card_id_11` int NOT NULL,
  `card_id_12` int NOT NULL,
  `card_id_13` int NOT NULL,
  `card_id_14` int NOT NULL,
  `card_id_15` int NOT NULL,
  `card_id_16` int NOT NULL,
  `card_id_17` int NOT NULL,
  `card_id_18` int NOT NULL,
  `card_id_19` int NOT NULL,
  `card_id_20` int NOT NULL,
  `card_id_21` int NOT NULL,
  `card_id_22` int NOT NULL,
  `card_id_23` int NOT NULL,
  `card_id_24` int NOT NULL,
  `card_id_25` int NOT NULL,
  `card_id_26` int NOT NULL,
  `card_id_27` int NOT NULL,
  `card_id_28` int NOT NULL,
  `card_id_29` int NOT NULL,
  `card_id_30` int NOT NULL,
  `card_id_31` int NOT NULL,
  `card_id_32` int NOT NULL,
  `card_id_33` int NOT NULL,
  `card_id_34` int NOT NULL,
  `card_id_35` int NOT NULL,
  `card_id_36` int NOT NULL,
  `card_id_37` int NOT NULL,
  `card_id_38` int NOT NULL,
  `card_id_39` int NOT NULL,
  `card_id_40` int NOT NULL,
  `card_id_41` int NOT NULL,
  `card_id_42` int NOT NULL,
  `card_id_43` int NOT NULL,
  `card_id_44` int NOT NULL,
  `card_id_45` int NOT NULL,
  `card_id_46` int NOT NULL,
  `card_id_47` int NOT NULL,
  `card_id_48` int NOT NULL,
  `card_id_49` int NOT NULL,
  `card_id_50` int NOT NULL,
  `card_id_51` int NOT NULL,
  `card_id_52` int NOT NULL,
  `card_id_53` int NOT NULL,
  `card_id_54` int NOT NULL,
  `card_id_55` int NOT NULL,
  `card_id_56` int NOT NULL,
  `card_id_57` int NOT NULL,
  `card_id_58` int NOT NULL,
  `card_id_59` int NOT NULL,
  `card_id_60` int NOT NULL,
  PRIMARY KEY (`id`),
  KEY `user_id` (`user_id`),
  CONSTRAINT `decks_ibfk_1` FOREIGN KEY (`user_id`) REFERENCES `users` (`id`)
) ENGINE=InnoDB AUTO_INCREMENT=13 DEFAULT CHARSET=utf8mb4 COLLATE=utf8mb4_0900_ai_ci;
/*!40101 SET character_set_client = @saved_cs_client */;

--
-- Dumping data for table `decks`
--

LOCK TABLES `decks` WRITE;
/*!40000 ALTER TABLE `decks` DISABLE KEYS */;
INSERT INTO `decks` VALUES (2,2,'BestDeck',1001,1001,1001,1001,1001,1001,1001,1001,1001,1001,1001,1001,1001,1001,1001,1001,1001,1001,1001,1001,1001,1001,1001,1001,1001,1001,1001,1001,1001,1001,1001,1001,1001,1001,1001,1001,1001,1001,1001,1001,1001,1001,1001,1001,1001,1001,1001,1001,1001,1001,1001,1001,1001,1001,1001,1001,1001,1001,1001,1001),(3,2,'FF',1001,1001,1001,1001,1001,1001,1001,1001,1001,1001,1001,1001,1001,1001,1001,1001,1001,1001,1001,1001,1001,1001,1001,1001,1001,1001,1001,1001,1001,1001,1001,1001,1001,1001,1001,1001,1001,1001,1001,1001,1001,1001,1001,1001,1001,1001,1001,1001,1001,1001,1001,1001,1001,1001,1001,1001,1001,1001,1001,1001),(4,2,'SS',1001,1001,1001,1001,1001,1001,1001,1001,1001,1001,1001,1001,1001,1001,1001,1001,1001,1001,1001,1001,1001,1001,1001,1001,1001,1001,1001,1001,1001,1001,1001,1001,1001,1001,1001,1001,1001,1001,1001,1001,1001,1001,1001,1001,1001,1001,1001,1001,1001,1001,1001,1001,1001,1001,1001,1001,1001,1001,1001,1001),(5,2,'S1',1001,1001,1001,1001,1001,1001,1001,1001,1001,1001,1001,1001,1001,1001,1001,1001,1001,1001,1001,1001,1001,1001,1001,1001,1001,1001,1001,1001,1001,1001,1001,1001,1001,1001,1001,1001,1001,1001,1001,1001,1001,1001,1001,1001,1001,1001,1001,1001,1001,1001,1001,1001,1001,1001,1001,1001,1001,1001,1001,1001),(6,2,'hh',1009,1009,1009,1009,1009,1009,1009,1009,1009,1009,1009,1009,1009,1009,1009,1009,1009,1009,1009,1009,1009,1009,1009,1009,1009,1009,1009,1009,1009,1009,1009,1009,1009,1009,1009,1009,1009,1009,1009,1009,1009,1009,1009,1009,1009,1009,1009,1009,1009,1009,1009,1009,1009,1009,1009,1009,1009,1009,1009,1009),(7,2,'hh',1009,1009,1009,1009,1009,1009,1009,1009,1009,1009,1009,1009,1009,1009,1009,1009,1009,1009,1009,1009,1009,1009,1009,1009,1009,1009,1009,1009,1009,1009,1009,1009,1009,1009,1009,1009,1009,1009,1009,1009,1009,1009,1009,1009,1009,1009,1009,1009,1009,1009,1009,1009,1009,1009,1009,1009,1009,1009,1009,1009),(8,2,'hh',1009,1009,1009,1009,1009,1009,1009,1009,1009,1009,1009,1009,1009,1009,1009,1009,1009,1009,1009,1009,1009,1009,1009,1009,1009,1009,1009,1009,1009,1009,1009,1009,1009,1009,1009,1009,1009,1009,1009,1009,1009,1009,1009,1009,1009,1009,1009,1009,1009,1009,1009,1009,1009,1009,1009,1009,1009,1009,1009,1009),(9,2,'Deck1',1001,1001,1001,1001,1002,1002,1003,1003,1003,1003,1004,1004,1005,1006,1006,1006,1007,1007,1007,1008,1008,1009,1009,2003,2003,2003,2003,2003,2003,2003,2003,2003,2003,2003,2003,2003,2003,2003,2003,2003,2003,2001,2001,2001,2001,2001,2001,2001,2001,2001,2001,2001,2001,2001,2001,2001,2001,2001,2001,2001),(10,2,'Deck1',1001,1001,1001,1001,1002,1002,1003,1003,1003,1003,1004,1004,1005,1006,1006,1006,1007,1007,1007,1008,1008,1009,1009,2003,2003,2003,2003,2003,2003,2003,2003,2003,2003,2003,2003,2003,2003,2003,2003,2003,2003,2001,2001,2001,2001,2001,2001,2001,2001,2001,2001,2001,2001,2001,2001,2001,2001,2001,2001,2001),(11,3,'Deck1',1010,1010,1010,1011,1011,1011,1011,1012,1012,1013,1014,1014,1014,1015,1015,1015,1015,1016,1016,1017,2002,2002,2002,2002,2002,2002,2002,2002,2002,2002,2002,2002,2002,2002,2002,2002,2002,2002,2002,2002,2006,2006,2006,2006,2006,2006,2006,2006,2006,2006,2006,2006,2006,2006,2006,2006,2006,2006,2006,2006),(12,3,'t',1010,1010,1011,1011,1011,1011,1012,1012,1013,1014,1014,1014,1015,1015,1015,1015,1016,1016,1017,2002,2002,2002,2002,2002,2002,2002,2002,2002,2002,2002,2002,2002,2002,2002,2002,2002,2002,2002,2002,2006,2006,2006,2006,2006,2006,2006,2006,2006,2006,2006,2006,2006,2006,2006,2006,2006,2006,2006,2006,1009);
/*!40000 ALTER TABLE `decks` ENABLE KEYS */;
UNLOCK TABLES;

--
-- Table structure for table `match_history`
--

DROP TABLE IF EXISTS `match_history`;
/*!40101 SET @saved_cs_client     = @@character_set_client */;
/*!50503 SET character_set_client = utf8mb4 */;
CREATE TABLE `match_history` (
  `winner` varchar(60) NOT NULL,
  `loser` varchar(60) NOT NULL
) ENGINE=InnoDB DEFAULT CHARSET=utf8mb4 COLLATE=utf8mb4_0900_ai_ci;
/*!40101 SET character_set_client = @saved_cs_client */;

--
-- Dumping data for table `match_history`
--

LOCK TABLES `match_history` WRITE;
/*!40000 ALTER TABLE `match_history` DISABLE KEYS */;
INSERT INTO `match_history` VALUES ('1111','user1'),('user1','1111'),('0','1111'),('0','1111');
/*!40000 ALTER TABLE `match_history` ENABLE KEYS */;
UNLOCK TABLES;

--
-- Table structure for table `player_inventory`
--

DROP TABLE IF EXISTS `player_inventory`;
/*!40101 SET @saved_cs_client     = @@character_set_client */;
/*!50503 SET character_set_client = utf8mb4 */;
CREATE TABLE `player_inventory` (
  `player_id` int NOT NULL,
  `card_id` int NOT NULL,
  KEY `player_id` (`player_id`),
  CONSTRAINT `player_inventory_ibfk_1` FOREIGN KEY (`player_id`) REFERENCES `users` (`id`)
) ENGINE=InnoDB DEFAULT CHARSET=utf8mb4 COLLATE=utf8mb4_0900_ai_ci;
/*!40101 SET character_set_client = @saved_cs_client */;

--
-- Dumping data for table `player_inventory`
--

LOCK TABLES `player_inventory` WRITE;
/*!40000 ALTER TABLE `player_inventory` DISABLE KEYS */;
/*!40000 ALTER TABLE `player_inventory` ENABLE KEYS */;
UNLOCK TABLES;

--
-- Table structure for table `users`
--

DROP TABLE IF EXISTS `users`;
/*!40101 SET @saved_cs_client     = @@character_set_client */;
/*!50503 SET character_set_client = utf8mb4 */;
CREATE TABLE `users` (
  `id` int NOT NULL AUTO_INCREMENT,
  `password` varchar(60) NOT NULL,
  `created` timestamp NOT NULL DEFAULT CURRENT_TIMESTAMP,
  `username` varchar(60) NOT NULL,
  PRIMARY KEY (`id`),
  UNIQUE KEY `username` (`username`)
) ENGINE=InnoDB AUTO_INCREMENT=5 DEFAULT CHARSET=utf8mb4 COLLATE=utf8mb4_0900_ai_ci;
/*!40101 SET character_set_client = @saved_cs_client */;

--
-- Dumping data for table `users`
--

LOCK TABLES `users` WRITE;
/*!40000 ALTER TABLE `users` DISABLE KEYS */;
INSERT INTO `users` VALUES (2,'pswd','2021-03-10 19:02:35','user1'),(3,'1111','2021-03-13 03:16:55','1111');
/*!40000 ALTER TABLE `users` ENABLE KEYS */;
UNLOCK TABLES;
/*!40103 SET TIME_ZONE=@OLD_TIME_ZONE */;

/*!40101 SET SQL_MODE=@OLD_SQL_MODE */;
/*!40014 SET FOREIGN_KEY_CHECKS=@OLD_FOREIGN_KEY_CHECKS */;
/*!40014 SET UNIQUE_CHECKS=@OLD_UNIQUE_CHECKS */;
/*!40101 SET CHARACTER_SET_CLIENT=@OLD_CHARACTER_SET_CLIENT */;
/*!40101 SET CHARACTER_SET_RESULTS=@OLD_CHARACTER_SET_RESULTS */;
/*!40101 SET COLLATION_CONNECTION=@OLD_COLLATION_CONNECTION */;
/*!40111 SET SQL_NOTES=@OLD_SQL_NOTES */;

-- Dump completed on 2021-04-15 14:20:45
